Customer Information,,,,,,Sample #,General Information,,,,Amount of Material,,,Miscellaneous,,Detailed Pre-Made Library Information,,,,,Special Comments
Customer Name,Phone,PI,Institution,Email,Tracking #,,Sample Name*,Sample Type*,Species/Strain*,Sample Buffer*,Total Amount*,Volume (µL)*,Conc (ng/µL)*,Purification Method*,Library Prep Kit Used*,Index #1 Name,Index #1 Sequence,Index #2 Name,Index #2 Sequence,Sample Pooling,
Hollie Putnam,+1-8085541462,"Putnam, Hollie",UNIVERSITY OF RHODE ISLAND,hputnam@uri.edu,30-244831635,1,Meth1,DNA library,P. acuta,Zymo Research DNA Elution Buffer,108.24,12,9.02,KAPA Pure Beads,Pico Methyl-SeqTM Library Prep Kit ,i7_1,CAAGCAGAAGACGGCATACGAGATAACCGCGGGTGACTGGAGTTCAGACGTGT,i5_1,AATGATACGGCGACCACCGAGATCTACACAGCGCTAGACACTCTTTCCCTACACGAC,pool all for 1 lane of NovaSeq,
Hollie Putnam,+1-8085541462,"Putnam, Hollie",UNIVERSITY OF RHODE ISLAND,hputnam@uri.edu,30-244831635,2,Meth2,DNA library,P. acuta,Zymo Research DNA Elution Buffer,138,12,11.5,KAPA Pure Beads,Pico Methyl-SeqTM Library Prep Kit ,i7_2,CAAGCAGAAGACGGCATACGAGATGGTTATAAGTGACTGGAGTTCAGACGTGT,i5_2,AATGATACGGCGACCACCGAGATCTACACGATATCGAACACTCTTTCCCTACACGAC,pool all for 1 lane of NovaSeq,
Hollie Putnam,+1-8085541462,"Putnam, Hollie",UNIVERSITY OF RHODE ISLAND,hputnam@uri.edu,30-244831635,3,Meth3,DNA library,P. acuta,Zymo Research DNA Elution Buffer,223.2,12,18.6,KAPA Pure Beads,Pico Methyl-SeqTM Library Prep Kit ,i7_3,CAAGCAGAAGACGGCATACGAGATCCAAGTCCGTGACTGGAGTTCAGACGTGT,i5_3,AATGATACGGCGACCACCGAGATCTACACCGCAGACGACACTCTTTCCCTACACGAC,pool all for 1 lane of NovaSeq,
Hollie Putnam,+1-8085541462,"Putnam, Hollie",UNIVERSITY OF RHODE ISLAND,hputnam@uri.edu,30-244831635,4,Meth4,DNA library,P. acuta,Zymo Research DNA Elution Buffer,123.2,14,8.8,KAPA Pure Beads,EZ DNA Methylation RRBSTM Library Prep Kit Catalog Nos. D5460S ,i7_4,CAAGCAGAAGACGGCATACGAGATTTGGACTTGTGACTGGAGTTCAGACGTGT,i5_4,AATGATACGGCGACCACCGAGATCTACACTATGAGTAACACTCTTTCCCTACACGAC,pool all for 1 lane of NovaSeq,
Hollie Putnam,+1-8085541462,"Putnam, Hollie",UNIVERSITY OF RHODE ISLAND,hputnam@uri.edu,30-244831635,5,Meth5,DNA library,P. acuta,Zymo Research DNA Elution Buffer,149.8,14,10.7,KAPA Pure Beads,EZ DNA Methylation RRBSTM Library Prep Kit Catalog Nos. D5460S ,i7_5,CAAGCAGAAGACGGCATACGAGATCAGTGGATGTGACTGGAGTTCAGACGTGT,i5_5,AATGATACGGCGACCACCGAGATCTACACAGGTGCGTACACTCTTTCCCTACACGAC,pool all for 1 lane of NovaSeq,
Hollie Putnam,+1-8085541462,"Putnam, Hollie",UNIVERSITY OF RHODE ISLAND,hputnam@uri.edu,30-244831635,6,Meth6,DNA library,P. acuta,Zymo Research DNA Elution Buffer,123.2,14,8.8,KAPA Pure Beads,EZ DNA Methylation RRBSTM Library Prep Kit Catalog Nos. D5460S ,i7_6,CAAGCAGAAGACGGCATACGAGATTGACAAGCGTGACTGGAGTTCAGACGTGT,i5_6,AATGATACGGCGACCACCGAGATCTACACGAACATACACACTCTTTCCCTACACGAC,pool all for 1 lane of NovaSeq,
Hollie Putnam,+1-8085541462,"Putnam, Hollie",UNIVERSITY OF RHODE ISLAND,hputnam@uri.edu,30-244831635,7,Meth7,DNA library,P. acuta,Zymo Research DNA Elution Buffer,219.6,12,18.3,KAPA Pure Beads,MBD enrichment followed by Pico Methyl-SeqTM Library Prep Kit ,i7_7,CAAGCAGAAGACGGCATACGAGATCTAGCTTGGTGACTGGAGTTCAGACGTGT,i5_7,AATGATACGGCGACCACCGAGATCTACACACATAGCGACACTCTTTCCCTACACGAC,pool all for 1 lane of NovaSeq,
Hollie Putnam,+1-8085541462,"Putnam, Hollie",UNIVERSITY OF RHODE ISLAND,hputnam@uri.edu,30-244831635,8,Meth8,DNA library,P. acuta,Zymo Research DNA Elution Buffer,180,12,15,KAPA Pure Beads,MBD enrichment followed by Pico Methyl-SeqTM Library Prep Kit ,i7_8,CAAGCAGAAGACGGCATACGAGATTCGATCCAGTGACTGGAGTTCAGACGTGT,i5_8,AATGATACGGCGACCACCGAGATCTACACGTGCGATAACACTCTTTCCCTACACGAC,pool all for 1 lane of NovaSeq,
Hollie Putnam,+1-8085541462,"Putnam, Hollie",UNIVERSITY OF RHODE ISLAND,hputnam@uri.edu,30-244831635,9,Meth9,DNA library,P. acuta,Zymo Research DNA Elution Buffer,156,12,13,KAPA Pure Beads,MBD enrichment followed by Pico Methyl-SeqTM Library Prep Kit ,i7_9,CAAGCAGAAGACGGCATACGAGATCCTGAACTGTGACTGGAGTTCAGACGTGT,i5_9,AATGATACGGCGACCACCGAGATCTACACCCAACAGAACACTCTTTCCCTACACGAC,pool all for 1 lane of NovaSeq,
Hollie Putnam,+1-8085541462,"Putnam, Hollie",UNIVERSITY OF RHODE ISLAND,hputnam@uri.edu,30-244831635,10,Meth10,DNA library,M. capitata,Zymo Research DNA Elution Buffer,64.8,12,5.4,KAPA Pure Beads,Pico Methyl-SeqTM Library Prep Kit ,i7_10,CAAGCAGAAGACGGCATACGAGATTTCAGGTCGTGACTGGAGTTCAGACGTGT,i5_10,AATGATACGGCGACCACCGAGATCTACACTTGGTGAGACACTCTTTCCCTACACGAC,pool all for 1 lane of NovaSeq,
Hollie Putnam,+1-8085541462,"Putnam, Hollie",UNIVERSITY OF RHODE ISLAND,hputnam@uri.edu,30-244831635,11,Meth11,DNA library,M. capitata,Zymo Research DNA Elution Buffer,113.76,12,9.48,KAPA Pure Beads,Pico Methyl-SeqTM Library Prep Kit ,i7_11,CAAGCAGAAGACGGCATACGAGATAGTAGAGAGTGACTGGAGTTCAGACGTGT,i5_11,AATGATACGGCGACCACCGAGATCTACACCGCGGTTCACACTCTTTCCCTACACGAC,pool all for 1 lane of NovaSeq,
Hollie Putnam,+1-8085541462,"Putnam, Hollie",UNIVERSITY OF RHODE ISLAND,hputnam@uri.edu,30-244831635,12,Meth12,DNA library,M. capitata,Zymo Research DNA Elution Buffer,219.6,12,18.3,KAPA Pure Beads,Pico Methyl-SeqTM Library Prep Kit ,i7_12,CAAGCAGAAGACGGCATACGAGATGACGAGAGGTGACTGGAGTTCAGACGTGT,i5_12,AATGATACGGCGACCACCGAGATCTACACTATAACCTACACTCTTTCCCTACACGAC,pool all for 1 lane of NovaSeq,
Hollie Putnam,+1-8085541462,"Putnam, Hollie",UNIVERSITY OF RHODE ISLAND,hputnam@uri.edu,30-244831635,13,Meth13,DNA library,M. capitata,Zymo Research DNA Elution Buffer,86.1,14,6.15,KAPA Pure Beads,EZ DNA Methylation RRBSTM Library Prep Kit Catalog Nos. D5460S ,i7_13,CAAGCAGAAGACGGCATACGAGATAGACTTGGGTGACTGGAGTTCAGACGTGT,i5_13,AATGATACGGCGACCACCGAGATCTACACAAGGATGAACACTCTTTCCCTACACGAC,pool all for 1 lane of NovaSeq,
Hollie Putnam,+1-8085541462,"Putnam, Hollie",UNIVERSITY OF RHODE ISLAND,hputnam@uri.edu,30-244831635,14,Meth14,DNA library,M. capitata,Zymo Research DNA Elution Buffer,56.84,14,4.06,KAPA Pure Beads,EZ DNA Methylation RRBSTM Library Prep Kit Catalog Nos. D5460S ,i7_14,CAAGCAGAAGACGGCATACGAGATGAGTCCAAGTGACTGGAGTTCAGACGTGT,i5_14,AATGATACGGCGACCACCGAGATCTACACGGAAGCAGACACTCTTTCCCTACACGAC,pool all for 1 lane of NovaSeq,
Hollie Putnam,+1-8085541462,"Putnam, Hollie",UNIVERSITY OF RHODE ISLAND,hputnam@uri.edu,30-244831635,15,Meth15,DNA library,M. capitata,Zymo Research DNA Elution Buffer,88.48,14,6.32,KAPA Pure Beads,EZ DNA Methylation RRBSTM Library Prep Kit Catalog Nos. D5460S ,i7_15,CAAGCAGAAGACGGCATACGAGATCTTAAGCCGTGACTGGAGTTCAGACGTGT,i5_15,AATGATACGGCGACCACCGAGATCTACACTCGTGACCACACTCTTTCCCTACACGAC,pool all for 1 lane of NovaSeq,
Hollie Putnam,+1-8085541462,"Putnam, Hollie",UNIVERSITY OF RHODE ISLAND,hputnam@uri.edu,30-244831635,16,Meth16,DNA library,M. capitata,Zymo Research DNA Elution Buffer,126,12,10.5,KAPA Pure Beads,MBD enrichment followed by Pico Methyl-SeqTM Library Prep Kit ,i7_16,CAAGCAGAAGACGGCATACGAGATTCCGGATTGTGACTGGAGTTCAGACGTGT,i5_16,AATGATACGGCGACCACCGAGATCTACACCTACAGTTACACTCTTTCCCTACACGAC,pool all for 1 lane of NovaSeq,
Hollie Putnam,+1-8085541462,"Putnam, Hollie",UNIVERSITY OF RHODE ISLAND,hputnam@uri.edu,30-244831635,17,Meth17,DNA library,M. capitata,Zymo Research DNA Elution Buffer,64.8,12,5.4,KAPA Pure Beads,MBD enrichment followed by Pico Methyl-SeqTM Library Prep Kit ,i7_17,CAAGCAGAAGACGGCATACGAGATCTGTATTAGTGACTGGAGTTCAGACGTGT,i5_17,AATGATACGGCGACCACCGAGATCTACACATATTCACACACTCTTTCCCTACACGAC,pool all for 1 lane of NovaSeq,
Hollie Putnam,+1-8085541462,"Putnam, Hollie",UNIVERSITY OF RHODE ISLAND,hputnam@uri.edu,30-244831635,18,Meth18,DNA library,M. capitata,Zymo Research DNA Elution Buffer,106.68,12,8.89,KAPA Pure Beads,MBD enrichment followed by Pico Methyl-SeqTM Library Prep Kit ,i7_18,CAAGCAGAAGACGGCATACGAGATTCACGCCGGTGACTGGAGTTCAGACGTGT,i5_18,AATGATACGGCGACCACCGAGATCTACACGCGCCTGTACACTCTTTCCCTACACGAC,pool all for 1 lane of NovaSeq,